

CREATE TABLE TEAM (
 TEAMID              NUMBER(4) NOT NULL,
 TNAME               CHAR(10),
 TADDRESS            CHAR(50),
 CONSTRAINT TEAM_PRIMARY_KEY PRIMARY KEY (TEAMID));

INSERT INTO TEAM VALUES (11,'ACDC','82,Best Road, SE10 3NU');
INSERT INTO TEAM VALUES (10,'INXS','82,Best Road, SE10 3NU');
INSERT INTO TEAM VALUES (9,'MUSE','82,Best Road, SE10 3NU');
INSERT INTO TEAM VALUES (8,'ZZTOP','82,Best Road, SE10 3NU');
INSERT INTO TEAM VALUES (7,'QUEEN','82,Best Road, SE10 3NU');
INSERT INTO TEAM VALUES (6,'DISTURBED','82,Best Road, SE10 3NU');
INSERT INTO TEAM VALUES (5,'GUNS','82,Best Road, SE10 3NU');
INSERT INTO TEAM VALUES (4,'PINK','82,Best Road, SE10 3NU');
INSERT INTO TEAM VALUES (3,'FLOYD','82,Best Road, SE10 3NU');
INSERT INTO TEAM VALUES (2,'LED','82,Best Road, SE10 3NU');
INSERT INTO TEAM VALUES (1,'ZEPELIN','82,Best Road, SE10 3NU');



CREATE TABLE PLAYER (
 PLAYERID            NUMBER(4) NOT NULL,
 PFIRSTNAME          CHAR(15),
 PLASTNAME           CHAR(15),
 PDOB                DATE,
 PWHEIGHT            NUMBER(4),
 PHAIGHT             NUMBER(4),
 TEAMID              NUMBER(4),
 CONSTRAINT PLAYER_PRIMARY_KEY PRIMARY KEY (PLAYERID));

INSERT INTO PLAYER VALUES (14,'WILL','SMITH','17-NOV-81',90,180,1);
INSERT INTO PLAYER VALUES (13,'BRAD','PITT','2-APR-81',73,120,2);
INSERT INTO PLAYER VALUES (12,'AL','PACINO','1-MAY-81',82,182,3);
INSERT INTO PLAYER VALUES (11,'ANTHONY','HOPKINS','9-JUN-81',91,18,4);
INSERT INTO PLAYER VALUES (10,'LEONARDO','DICAPRIO','09-DEC-82',89,191,5);
INSERT INTO PLAYER VALUES (9,'MEL','GIBSON','3-DEC-81',70,187,6);
INSERT INTO PLAYER VALUES (8,'NICOLAS','CAGE','20-FEB-81',75,175,7);
INSERT INTO PLAYER VALUES (7,'MORGAN','FREEMAN','22-FEB-81',80,189,8);
INSERT INTO PLAYER VALUES (6,'BRUCE','WILLIS','8-SEP-81',92,182,9);
INSERT INTO PLAYER VALUES (5,'JOHNNY','DEPP','28-SEP-81',80,183,10);
INSERT INTO PLAYER VALUES (4,'TOM','CRUISE','3-DEC-81',78,183,11);
INSERT INTO PLAYER VALUES (3,'GEORGE','CLOONEY','23-JAN-82',81,178,7);
INSERT INTO PLAYER VALUES (2,'ROBIN','WILLIAMS','17-DEC-80',93,180,6);
INSERT INTO PLAYER VALUES (1,'KEANU','REEVES','12-JAN-83',87,185,5);




CREATE TABLE EXTEAM (
 EXTEAMID            NUMBER(4) NOT NULL,
 PLAYERID            NUMBER(4),
 TEAMID              NUMBER(4),
 CONSTRAINT EXTEAM_PRIMARY_KEY PRIMARY KEY (EXTEAMID));

INSERT INTO EXTEAM VALUES (11,1,10);
INSERT INTO EXTEAM VALUES (10,2,9);
INSERT INTO EXTEAM VALUES (9,3,8);
INSERT INTO EXTEAM VALUES (8,4,7);
INSERT INTO EXTEAM VALUES (7,5,6);
INSERT INTO EXTEAM VALUES (6,6,5);
INSERT INTO EXTEAM VALUES (5,7,4);
INSERT INTO EXTEAM VALUES (4,8,3);
INSERT INTO EXTEAM VALUES (3,9,2);
INSERT INTO EXTEAM VALUES (2,10,1);
INSERT INTO EXTEAM VALUES (1,1,10); 





CREATE TABLE POSITION (
 POSITIONID          NUMBER(4) NOT NULL,
 PTYPE               CHAR(15),
 PLAYERID            NUMBER(4),
 CONSTRAINT POSITION_PRIMARY_KEY PRIMARY KEY (POSITIONID));

INSERT INTO POSITION VALUES (10,'FRONT',1);
INSERT INTO POSITION VALUES (9,'LEFT',2);
INSERT INTO POSITION VALUES (8,'RIGHT',3);
INSERT INTO POSITION VALUES (7,'BACK',4);
INSERT INTO POSITION VALUES (6,'FRONT',5);
INSERT INTO POSITION VALUES (5,'LEFT',6);
INSERT INTO POSITION VALUES (4,'RIGHT',7);
INSERT INTO POSITION VALUES (3,'BACK',8);
INSERT INTO POSITION VALUES (2,'FRONT',9);
INSERT INTO POSITION VALUES (1,'END',10);





CREATE TABLE POSITIONHOLD (
 POSITIONHOLDID          NUMBER(4) NOT NULL,
 PLAYERID                NUMBER(4),
 POSITIONID              NUMBER(4),
 CONSTRAINT POSITIONHOLD_PRIMARY_KEY PRIMARY KEY (POSITIONHOLDID));

INSERT INTO POSITIONHOLD VALUES (1,1,1);
INSERT INTO POSITIONHOLD VALUES (2,1,4);
INSERT INTO POSITIONHOLD VALUES (3,1,3);
INSERT INTO POSITIONHOLD VALUES (4,1,2);
INSERT INTO POSITIONHOLD VALUES (5,2,3);
INSERT INTO POSITIONHOLD VALUES (6,3,4);
INSERT INTO POSITIONHOLD VALUES (7,4,5);
INSERT INTO POSITIONHOLD VALUES (8,4,6);
INSERT INTO POSITIONHOLD VALUES (9,5,7);
INSERT INTO POSITIONHOLD VALUES (10,6,8);
INSERT INTO POSITIONHOLD VALUES (11,7,9);
INSERT INTO POSITIONHOLD VALUES (12,8,10);





CREATE TABLE EXPERIENCE (
 EXPERIENCEID        NUMBER(4) NOT NULL,
 NATIONALG           NUMBER(4),
 INTERNATIONALG      NUMBER(4),
 TOTALGAMES          NUMBER(4),
 PLAYERID            NUMBER(4),
 CONSTRAINT EXPERIENCE_PRIMARY_KEY PRIMARY KEY (EXPERIENCEID));

INSERT INTO EXPERIENCE VALUES (1,24,12,23,10);
INSERT INTO EXPERIENCE VALUES (2,18,9,18,9);
INSERT INTO EXPERIENCE VALUES (3,36,10,21,8);
INSERT INTO EXPERIENCE VALUES (4,22,8,45,7);
INSERT INTO EXPERIENCE VALUES (5,24,12,57,6);
INSERT INTO EXPERIENCE VALUES (6,21,9,23,5);
INSERT INTO EXPERIENCE VALUES (7,18,13,21,10);
INSERT INTO EXPERIENCE VALUES (8,24,19,18,3);
INSERT INTO EXPERIENCE VALUES (9,14,8,7,2);
INSERT INTO EXPERIENCE VALUES (10,38,71,17,1);
INSERT INTO EXPERIENCE VALUES (11,27,9,16,2);
INSERT INTO EXPERIENCE VALUES (12,25,10,24,10);
INSERT INTO EXPERIENCE VALUES (13,21,13,43,4);




CREATE TABLE SEASON (
 SEASONID            NUMBER(4) NOT NULL,
 SEASONNAME          CHAR(20),
 CONSTRAINT SEASON_PRIMARY_KEY PRIMARY KEY (SEASONID));

INSERT INTO SEASON VALUES (10,'ICE');
INSERT INTO SEASON VALUES (9,'FIRE');
INSERT INTO SEASON VALUES (8,'WINTER');
INSERT INTO SEASON VALUES (7,'SPRING');
INSERT INTO SEASON VALUES (6,'FAST');
INSERT INTO SEASON VALUES (5,'TUNDER');
INSERT INTO SEASON VALUES (4,'ROCK');
INSERT INTO SEASON VALUES (3,'SUMMER');
INSERT INTO SEASON VALUES (2,'PIGEON');
INSERT INTO SEASON VALUES (1,'INDESTRUCTIBLE');



CREATE TABLE GAME (
 GAMEID              NUMBER(4) NOT NULL,
 GAMENAME            CHAR(30),
 GAMEPLACE           CHAR(15),
 GAMEDATE            DATE,
 GSCORE              CHAR(20),
 TEAMHOST            NUMBER(4),
 TEAMAWAY            NUMBER(4),
 TEAMID              NUMBER(4),
 SEASONID            NUMBER(4),
 CONSTRAINT GAME_PRIMARY_KEY PRIMARY KEY (GAMEID));

INSERT INTO GAME VALUES (10,'ROCK','LONDON','17-NOV-91','11-20',1,2,2,1);
INSERT INTO GAME VALUES (9,'TNT','IRELAND','10-OCT-91','12-18',3,4,3,1);
INSERT INTO GAME VALUES (8,'CHAMPIONS','BUCHAREST','11-DEC-91','10-15',5,6,5,1);
INSERT INTO GAME VALUES (7,'LEAGUE','ITALY','12-APR-91','12-20',7,8,3,1);
INSERT INTO GAME VALUES (6,'NEWGAME','WEST','19-AUG-91','9-10',9,10,9,1);
INSERT INTO GAME VALUES (5,'LASTGAME','CENTRAL','22-OCT-92','8-12',2,3,3,1);
INSERT INTO GAME VALUES (4,'THISGAME','GREENWICH','18-FEB-93','18-25',6,7,3,2);
INSERT INTO GAME VALUES (3,'OTHERGAME','THAMIS','17-JAN-91','6-19',8,7,8,2);
INSERT INTO GAME VALUES (2,'OURGAME','BERLIN','29-MAY-91','12-19',3,5,3,2);
INSERT INTO GAME VALUES (1,'GAMES','SPAIN','20-MAY-92','18-22',5,8,3,2);




CREATE TABLE GAMEPLIST (
 GAMEPLISTID            NUMBER(4) NOT NULL,
 GAMEID                 NUMBER(4) ,
 PLAYERID               NUMBER(4) ,
 TEAMID                 NUMBER(4) ,
 CONSTRAINT GAMEPLIST_PRIMARY_KEY PRIMARY KEY (GAMEPLISTID));

INSERT INTO GAMEPLIST VALUES (10,1,1,5);
INSERT INTO GAMEPLIST VALUES (9,1,2,5);
INSERT INTO GAMEPLIST VALUES (8,1,3,5);
INSERT INTO GAMEPLIST VALUES (7,1,4,5);
INSERT INTO GAMEPLIST VALUES (6,1,5,5);
INSERT INTO GAMEPLIST VALUES (5,2,6,3);
INSERT INTO GAMEPLIST VALUES (4,2,7,3);
INSERT INTO GAMEPLIST VALUES (3,2,8,3);
INSERT INTO GAMEPLIST VALUES (2,2,9,5);
INSERT INTO GAMEPLIST VALUES (1,2,10,5);




CREATE TABLE PERFORMANCE (
 PERFORMANCEID       NUMBER(4) NOT NULL,
 TWOPA               NUMBER(4),      
 TWOPM               NUMBER(4),
 THREEPA             NUMBER(4),
 THREEPM             NUMBER(4),
 FREETHROWA          NUMBER(4),
 FREETHROWM          NUMBER(4),
 MINUTESP            NUMBER(4),
 FOULS               NUMBER(4),
 REBOUNDS            NUMBER(4),
 TOTALP              NUMBER(4),
 GAMEID              NUMBER(4),
 SEASONID            NUMBER(4),
 PLAYERID            NUMBER(4),
 CONSTRAINT PERFORMANCE_PRIMARY_KEY PRIMARY KEY (PERFORMANCEID));



INSERT INTO PERFORMANCE VALUES (1,20,15,14,15,8,9,45,18,1,45,1,1,10);
INSERT INTO PERFORMANCE VALUES (2,20,15,14,15,8,9,45,2,1,82,2,2,9);
INSERT INTO PERFORMANCE VALUES (3,20,15,14,15,8,9,45,22,1,22,3,1,8);
INSERT INTO PERFORMANCE VALUES (4,20,15,14,15,8,9,45,2,1,23,4,2,7);
INSERT INTO PERFORMANCE VALUES (5,20,15,14,15,8,9,45,11,1,12,5,1,6);
INSERT INTO PERFORMANCE VALUES (6,20,15,14,15,8,9,45,2,1,14,6,2,5);
INSERT INTO PERFORMANCE VALUES (7,20,15,14,15,8,9,45,19,1,15,7,1,4);
INSERT INTO PERFORMANCE VALUES (8,20,15,14,15,8,9,45,2,1,16,8,2,3);
INSERT INTO PERFORMANCE VALUES (9,20,15,14,15,8,9,45,17,1,28,9,1,2);
INSERT INTO PERFORMANCE VALUES (10,20,15,14,15,8,9,45,2,1,29,10,2,1);

































